LEMUR,2,JOEL,,
LEMUR,2,CHRIS,,
LEMUR,2,JEROEN,,
LEMUR,2,PETER,,
LEMUR,2,THERESACONDOR,,
LEMUR,2,NICK-ALLAIN,,
LEMUR,2,KANE,,
LEMUR,2,JEFF,,
LEMUR,2,DRMUZZ,,
LEMUR,2,BRIDGEMAN,,
LEMUR,2,CUBECHEESE,,
LEMUR,2,NATE,,
LEMUR,2,XIAOQING,,
LEMUR,2,SOKOLSKY,,
LEMUR,2,ANUBHAVTHAKUR,,
LEMUR,2,WINGO,,
LEMUR,2,SATCHMO,,
LEMUR,2,MIA-GRACE,,
LEMUR,2,SMITA-SHARAD,,
LEMUR,2,SPIRE-MINIONS,,
LEMUR,2,RDEATON,,
LEMUR,2,NOGUECORREIG,,
LEMUR,2,JOBANPUTRA,,
LEMUR,2,TACHIKOMA,,
LEMUR,2,REDFERN-GOES,,
LEMUR,2,TRUTNA,,
LEMUR,2,AUSTINTACIOUS,,
LEMUR,2,TRUTNAHD,,
LEMUR,2,ANGELA,,
LEMUR,2,JENNYBARNA,,
LEMUR,2,ROBMOORE,,
LEMUR,2,SPIROVISION,,
LEMUR,2,SHAINAJOHL,,
LEMUR,2,XUENITERENCE,,
LEMUR,2,LUCYBRYCE,,
LEMUR,2,KUNGFOO,,
LEMUR,2,LYNSEY-SYMO,,
LEMUR,2,LISASAURUS,,
LEMUR,2,SAM-AMELIA,,
LEMUR,2,MCPEAKE,,
LEMUR,2,GREENBERG,,
LEMUR,2,ANDIS,,
LEMUR,2,MONSON,,
LEMUR,2,FURIAUS,,
LEMUR,2,PETERG,,
LEMUR,2,DEMBITZ,,
LEMUR,2,ZACHARY,,
LEMUR,2,ARTFISCHER,,
LEMUR,2,ROCKETJONAH,,
LEMUR,2,YONGLIN,,
LEMUR,2,KEVIN,,
LEMUR,2,BRIANDAVIE,,
LEMUR,2,ROMACOSTE,,
LEMUR,2,MCCULLAGH,,
LEMUR,2,DUNLOP,,
LEMUR,2,LIU-POU-CHUN,,
LEMUR,2,MCCAFFERTY,,
LEMUR,2,PETERWEBSTER,,
LEMUR,2,BROWNCOW,,
LEMUR,2,DAVEWILSON,,
LEMUR,2,MARSHALL,,
LEMUR,2,TALLHAMN-ATC,,
LEMUR,2,JIN-LUEN,,
LEMUR,2,URAMCHANSOL,,
LEMUR,2,KADI,,
LEMUR,2,THENICKMOLO,,
